{
  "timestamp": "2026-02-05 15:51:33",
  "device": "cuda",
  "config": {
    "model": "resnet50",
    "num_samples": 3000,
    "num_epochs": 30,
    "batch_size": 32
  },
  "final_metrics": {
    "val_accuracy": 0.08333333333333334,
    "precision_macro": 7.074136955291455e-07,
    "f1_macro": 1.4136493499333465e-06
  },
  "best_metrics": {
    "best_val_accuracy": 0.33333333333333337,
    "best_epoch": 3
  },
  "training_time": {
    "total_time_minutes": 17.002608541647593
  }
}