{
  "timestamp": "2026-02-05 15:51:33",
  "final_metrics": {
    "train_loss": NaN,
    "val_loss": NaN,
    "train_acc": 0.0,
    "val_acc": 0.08333333333333334
  },
  "best_metrics": {
    "best_val_loss": 9.068600604408665,
    "best_val_acc": 0.33333333333333337,
    "best_epoch": 1
  },
  "training_time": {
    "total_time_seconds": 1014.6637699604034,
    "avg_epoch_time": 33.82212566534678,
    "num_epochs": 30
  },
  "class_performance": {
    "top_10": [
      [
        0,
        1.0
      ],
      [
        1,
        0.0
      ],
      [
        2,
        0.0
      ],
      [
        3,
        0.0
      ],
      [
        4,
        0.0
      ],
      [
        5,
        0.0
      ],
      [
        6,
        0.0
      ],
      [
        7,
        0.0
      ],
      [
        8,
        0.0
      ],
      [
        9,
        0.0
      ]
    ]
  }
}