{
  "timestamp": "2026-02-04 13:22:43",
  "final_metrics": {
    "train_loss": 0.19427889327801234,
    "val_loss": 0.29604832974893147,
    "train_acc": 85.38599738561412,
    "val_acc": 82.16768871191961
  },
  "best_metrics": {
    "best_val_loss": 0.29604832974893147,
    "best_val_acc": 82.16768871191961,
    "best_epoch": 20
  },
  "training_time": {
    "total_time_seconds": 607.1320593405877,
    "avg_epoch_time": 30.356602967029385,
    "num_epochs": 20
  },
  "class_performance": {
    "top_10": [
      [
        28,
        0.9960630934187662
      ],
      [
        20,
        0.9798181395772556
      ],
      [
        10,
        0.9790918774749071
      ],
      [
        47,
        0.9744862508055407
      ],
      [
        31,
        0.9658740526634375
      ],
      [
        26,
        0.9642973707926459
      ],
      [
        11,
        0.9629056797479911
      ],
      [
        42,
        0.9571090835618734
      ],
      [
        40,
        0.9426212089965396
      ],
      [
        18,
        0.9302843061544697
      ]
    ]
  }
}